OBJECTID,ישוב,סוג רשות מקומית,CR_PNIM,מחוז,סהכ תאונות דרכים,הרוגים,פצועים קשה,פצועים קל,הולכי רגל שנפגעו,נפגעים בגילאי 0-19,נפגעים בגילאי 20-64,נפגעים בגילאי 65 ומעלה,סהכ נפגעים,סהכ נהגים מעורבים,אופנועים,משאיות מעל 3.5 טון,אופניים,רכבים פרטיים,סהכ כלי רכב,Shape_Length,Shape_Area,קוד ישוב,YEARMONTH,תאונות לקילומטר רבוע
1,אבו גוש,מועצה מקומית,0472,ירושלים,111,0,4,134,19,24,90,15,138,191,13,5,5,134,191,10069.40878,1891241.534,472,202007,58.69160442
2,אבו סנאן,מועצה מקומית,0473,צפון,271,1,10,486,34,131,341,22,497,461,14,8,12,358,461,20575.41264,6695521.246,473,202007,40.47481743
3,אבן יהודה,מועצה מקומית,0182,מרכז,268,3,11,340,41,54,253,38,354,517,34,14,8,392,517,17330.65743,8265593.603,182,202007,32.42356362
4,אום אל פחם,עירייה,2710,חיפה,1004,5,36,1611,183,446,1110,57,1652,1714,67,59,12,1203,1714,44152.45151,26028286.28,2710,202007,38.57341929
5,אופקים,עירייה,0031,דרום,296,3,12,371,60,78,265,40,386,488,10,13,24,330,488,14685.33823,10379524.53,31,202007,28.51768393
6,אור יהודה,עירייה,2400,תל אביב,1004,6,40,1191,172,163,916,120,1237,1778,205,55,43,1153,1778,15178.69253,6663640.016,2400,202007,150.6684031
7,אור עקיבא,עירייה,1020,חיפה,397,2,23,474,78,91,333,59,499,670,17,19,50,470,670,13757.48224,5546007.116,1020,202007,71.58303113
8,אזור,מועצה מקומית,0565,תל אביב,286,2,11,324,43,42,258,27,337,480,78,13,16,278,480,8650.436299,2216271.28,565,202007,129.0455743
9,אילת,עירייה,2600,דרום,1305,5,50,1563,254,278,1126,139,1618,2210,256,40,204,1136,2210,92453.00237,100657082.7,2600,202007,12.96481047
10,אכסאל,מועצה מקומית,0478,צפון,215,0,20,312,39,81,233,15,332,365,12,11,5,257,365,15949.09368,9104624.169,478,202007,23.61437397
11,אל בטוף,מועצה אזורית,5565,צפון,51,1,4,66,13,22,47,2,71,79,1,2,2,57,79,22705.49341,3850454.639,5565,202007,13.24518915
12,אל קסום,מועצה אזורית,5569,דרום,89,8,8,145,15,34,113,10,161,153,2,7,3,98,153,73125.25721,38706676.08,5569,202007,2.299344946
13,אלונה,מועצה אזורית,5545,חיפה,62,5,9,126,0,30,104,6,140,118,5,9,2,79,118,41326.70404,27027471.89,5545,202007,2.293962242
14,אליכין,מועצה מקומית,0041,מרכז,30,0,3,33,6,8,21,6,36,48,2,2,2,29,48,7091.603485,1689103.245,41,202007,17.76090365
15,אלעד,עירייה,1309,מרכז,370,1,10,470,99,146,294,20,481,632,53,18,40,390,632,10813.4306,3487583.554,1309,202007,106.0906482
16,אעבלין,מועצה מקומית,0529,צפון,434,6,17,828,27,172,633,43,851,796,10,19,2,605,796,22546.56467,12083419.31,529,202007,35.91698581
17,אשדוד,עירייה,0070,דרום,5646,20,112,7626,894,1225,5640,734,7758,10597,479,417,367,7739,10597,50126.87361,63895101.08,70,202007,88.36358195
18,אשכול,מועצה אזורית,5538,דרום,217,9,25,293,7,42,248,32,327,360,13,45,5,207,360,191106.6882,737352339.5,5538,202007,0.294296211
19,אשקלון,עירייה,7100,דרום,5079,20,96,6999,688,1244,5140,607,7115,9492,345,244,252,7059,9492,42463.30198,52318021.57,7100,202007,97.07935904
20,באקה אל גרבייה (באקה אל ררבי,עירייה,6000,חיפה,731,2,28,1134,94,334,786,27,1164,1282,40,30,53,917,1282,17468.96296,9180717.571,6000,202007,79.62340572
21,באר טוביה,מועצה אזורית,5533,דרום,1289,13,37,1876,55,243,1533,121,1926,2558,74,127,19,1947,2558,105254.4945,128231762.3,5533,202007,10.05211171
22,באר יעקב,מועצה מקומית,2530,מרכז,506,1,15,664,62,120,500,45,680,959,66,32,14,702,959,17969.21923,9461892.443,2530,202007,53.47767406
23,באר שבע,עירייה,9000,דרום,7149,36,190,9957,912,1381,7610,1102,10183,12904,380,297,221,9018,12904,55936.00486,117398456.5,9000,202007,60.89517882
24,בוסתאן אל מרג',מועצה אזורית,5566,צפון,123,0,6,241,3,60,182,4,247,249,1,12,2,205,249,31386.17818,9003783.266,5566,202007,13.66092412
25,בועיינה - נוג'ידאת,מועצה מקומית,0482,צפון,88,1,7,135,16,37,102,4,143,136,3,3,0,105,136,16845.48901,7159698.68,482,202007,12.29102005
26,בוקעאתא,מועצה מקומית,4001,צפון,58,1,6,93,8,17,75,8,100,83,0,1,2,55,83,25183.46952,19540130.38,4001,202007,2.968250409
27,ביר אל מכסור,מועצה מקומית,0998,צפון,96,0,4,145,12,28,119,2,149,164,1,6,4,124,164,21761.91756,5828102.133,998,202007,16.47191449
28,בית ג'ן,מועצה מקומית,0480,צפון,193,2,6,299,19,61,232,14,307,280,6,2,1,218,280,17571.47584,7199072.698,480,202007,26.80900834
29,בית דגן,מועצה מקומית,0466,מרכז,154,0,2,194,11,22,153,16,196,282,31,12,7,182,282,6676.810544,1419709.617,466,202007,108.4728864
30,בית שאן,עירייה,9200,צפון,385,1,12,489,49,85,357,48,502,655,27,18,27,446,655,13946.16673,7386715.702,9200,202007,52.12059264
31,בית שמש,עירייה,2610,ירושלים,1075,8,56,1312,269,274,873,105,1376,1737,83,57,43,1079,1737,49318.12804,38289930.07,2610,202007,28.07526673
32,בני ברק,עירייה,6100,תל אביב,3320,9,126,3697,882,733,2505,398,3832,5357,730,200,299,2718,5357,12598.81167,7348485.2,6100,202007,451.7937929
33,"בני עי""ש",מועצה מקומית,1066,מרכז,83,1,2,104,15,10,82,14,107,144,4,7,2,105,144,6232.145234,817193.4989,1066,202007,101.567132
34,בני שמעון,מועצה אזורית,5541,דרום,1065,40,107,1920,37,317,1626,100,2067,2052,37,131,11,1458,2052,261164.4186,370729642.6,5541,202007,2.872713367
35,בנימינה - גבעת עדה,מועצה מקומית,9800,חיפה,363,2,17,512,29,84,405,35,531,662,33,16,21,494,662,33370.8782,24396791.63,9800,202007,14.87900563
36,"בסמ""ה",מועצה מקומית,1326,חיפה,650,2,5,1007,34,161,796,51,1014,1179,15,51,4,847,1179,21808.03638,5603483.294,1326,202007,115.9992751
37,בסמת טבעון,מועצה מקומית,0944,צפון,60,1,2,77,6,16,59,5,80,95,4,3,2,65,95,16616.54699,3929651.86,944,202007,15.26852814
38,בענה,מועצה מקומית,0483,צפון,185,0,6,353,28,94,250,14,359,319,6,7,3,249,319,9921.238984,3458480.675,483,202007,53.49169689
39,ברנר,מועצה אזורית,5528,מרכז,278,6,8,395,11,49,311,44,409,537,38,17,7,406,537,48450.70321,36918535.64,5528,202007,7.530092815
40,בת ים,עירייה,6200,תל אביב,3249,11,130,3744,652,513,2543,688,3885,5362,732,104,267,3023,5362,15594.55467,9410690.993,6200,202007,345.2456363
41,ג'דיידה - מכר,מועצה מקומית,1292,צפון,982,6,14,2071,60,454,1569,63,2091,1855,42,47,33,1457,1855,17953.25176,9092770.383,1292,202007,107.9978883
42,ג'וליס,מועצה מקומית,0485,צפון,78,0,4,125,9,41,83,3,129,124,4,2,6,96,124,11448.09072,3997983.241,485,202007,19.50983666
43,ג'לג'וליה,מועצה מקומית,0627,מרכז,63,0,6,109,2,15,92,8,115,128,6,7,2,99,128,11982.74247,1893256.339,627,202007,33.27600109
44,ג'סר אל-זרקא,מועצה מקומית,0541,חיפה,140,3,4,171,66,64,101,9,178,211,2,10,25,119,211,7304.568671,2022854.569,541,202007,69.20912761
45,ג'ת,מועצה מקומית,0628,חיפה,331,3,18,599,22,165,432,17,620,589,9,28,11,440,589,16781.49044,7462887.612,628,202007,44.35280513
46,גבעת שמואל,עירייה,0681,מרכז,473,3,8,554,68,67,433,50,565,845,98,23,18,582,845,10000.51922,2575042.786,681,202007,183.6862683
47,גבעתיים,עירייה,6300,תל אביב,1045,7,49,1119,174,102,857,187,1175,1771,393,33,103,948,1771,9869.672848,3242375.637,6300,202007,322.294551
48,גדרה,מועצה מקומית,2550,מרכז,614,4,11,824,70,148,607,64,839,1212,46,53,28,933,1212,19965.94855,11433063.92,2550,202007,53.7038894
49,גדרות,מועצה אזורית,5532,מרכז,88,3,4,137,5,22,110,10,144,167,5,9,1,126,167,22427.02749,13719325.37,5532,202007,6.414309568
50,גולן,מועצה אזורית,5571,צפון,569,15,58,1034,11,223,787,82,1107,855,36,28,7,570,855,256946.6767,1087420618,5571,202007,0.523256586
51,גוש חלב (ג'יש),מועצה מקומית,0487,צפון,47,1,8,83,0,16,69,7,92,78,2,4,2,53,78,17705.18262,7061135.217,487,202007,6.656153516
52,גזר,מועצה אזורית,5530,מרכז,1107,12,65,1775,41,264,1411,158,1852,2296,94,115,25,1735,2296,81907.2697,114018938.7,5530,202007,9.708913387
53,גן יבנה,מועצה מקומית,0166,מרכז,525,5,16,709,39,130,540,45,730,1009,49,42,27,770,1009,21045.71635,11452682.66,166,202007,45.84078819
54,גן רוה,מועצה אזורית,5527,מרכז,530,9,18,804,17,97,664,65,831,1057,57,47,8,831,1057,46296.43779,43391217.94,5527,202007,12.21445318
55,גני תקווה,מועצה מקומית,0229,מרכז,137,0,7,149,31,28,92,34,156,219,25,7,10,142,219,6780.507909,2110411.384,229,202007,64.91625331
56,דאלית אל כרמל,מועצה מקומית,0494,חיפה,322,1,15,501,40,133,359,24,517,563,18,23,13,429,563,21654.60632,9439686.539,494,202007,34.11130218
57,דבוריה,מועצה מקומית,0489,צפון,219,2,12,354,15,92,263,11,368,378,1,11,5,288,378,12282.44069,5515230.618,489,202007,39.70822168
58,דימונה,עירייה,2200,דרום,513,9,20,713,109,125,550,56,742,865,27,29,25,539,865,115118.638,220455604.6,2200,202007,2.32699913
59,דיר אל אסד,מועצה מקומית,0490,צפון,374,1,7,773,38,168,582,26,781,649,7,12,6,507,649,15635.26629,5137929.011,490,202007,72.79197497
60,דיר חנא,מועצה מקומית,0492,צפון,413,2,14,927,30,220,692,28,943,720,2,11,4,505,720,16284.95287,8917491.038,492,202007,46.3134752
61,דרום השרון,מועצה אזורית,5520,מרכז,2445,24,112,3564,87,460,2945,235,3700,4828,285,260,49,3422,4828,170411.7065,96308864.56,5520,202007,25.38707118
62,הגלבוע,מועצה אזורית,5508,צפון,699,15,62,1402,22,269,1102,99,1479,1352,42,64,8,983,1352,103036.8186,251924195.5,5508,202007,2.774644168
63,הגליל העליון,מועצה אזורית,5501,צפון,616,3,40,1113,13,175,915,58,1156,1074,46,48,11,789,1074,340004.4269,296088644,5501,202007,2.08045804
64,הגליל התחתון,מועצה אזורית,5503,צפון,580,7,46,1105,20,194,873,82,1158,1091,26,62,4,804,1091,153531.1391,192799282,5503,202007,3.008309959
65,הוד השרון,עירייה,9700,מרכז,1006,4,25,1229,154,174,908,146,1258,1866,195,39,63,1319,1866,35822.56541,19268716,9700,202007,52.20897956
66,הערבה התיכונה,מועצה אזורית,5554,דרום,83,7,16,176,2,40,123,29,199,135,8,13,0,81,135,283525.8408,1538141869,5554,202007,0.053961212
67,הרצליה,עירייה,6400,תל אביב,2616,9,64,3107,322,334,2367,356,3180,4771,531,124,148,3276,4771,31517.96895,24069857.82,6400,202007,108.6836499
68,זבולון,מועצה אזורית,5512,חיפה,1259,9,40,2266,18,299,1858,147,2315,2575,43,152,4,2015,2575,83880.64492,61453268.23,5512,202007,20.48711218
69,זכרון יעקב,מועצה מקומית,9300,חיפה,385,2,17,535,48,90,400,50,554,677,40,14,12,497,677,48045.77908,31526277.98,9300,202007,12.21203468
70,זמר,מועצה מקומית,1290,מרכז,146,0,2,259,15,57,191,13,261,227,1,9,0,165,227,13516.48252,8221421.602,1290,202007,17.75848595
71,זרזיר,מועצה מקומית,0975,צפון,193,1,7,337,13,69,269,6,345,381,7,13,2,297,381,13357.18782,4041475.478,975,202007,47.75483633
72,חבל אילות,מועצה אזורית,5553,דרום,180,12,19,313,2,56,249,29,344,282,27,17,2,194,282,322179.3508,2631158727,5553,202007,0.068410924
73,חבל יבנה,מועצה אזורית,5529,מרכז,561,4,20,810,13,46,704,75,834,1159,33,129,2,829,1159,60423.61652,36545081.95,5529,202007,15.35090278
74,חבל מודיעין,מועצה אזורית,5525,מרכז,2251,27,86,3269,52,338,2740,236,3382,4596,255,246,23,3350,4596,102625.2395,128676175.7,5525,202007,17.4935258
75,חדרה,עירייה,6500,חיפה,3321,10,118,4607,426,745,3392,496,4735,6045,292,180,228,4290,6045,42134.58069,56275143.21,6500,202007,59.01362148
76,חולון,עירייה,6600,תל אביב,6054,16,159,7328,791,875,5438,994,7503,10868,1450,277,318,7023,10868,22951.77805,19041388.99,6600,202007,317.9389909
77,חוף אשקלון,מועצה אזורית,5536,דרום,1042,12,45,1670,27,240,1330,128,1727,2057,52,100,8,1591,2057,96728.71474,180647277.8,5536,202007,5.768146704
78,חוף הכרמל,מועצה אזורית,5515,חיפה,869,12,59,1327,48,188,1066,124,1398,1561,85,62,34,1169,1561,152374.9129,194920618.4,5515,202007,4.458225134
79,חוף השרון,מועצה אזורית,5519, ,569,4,24,785,6,71,681,58,813,1184,77,37,4,904,1184,115270.9947,18253188.17,5519,202007,31.17263651
80,חוף השרון,מועצה אזורית,5519,מרכז,342,6,9,429,26,44,363,33,444,658,53,11,10,480,658,116668.7009,30291796.66,5519,202007,11.29018539
81,חוף השרון,מועצה אזורית,5519,תל אביב,10,0,2,9,2,0,11,0,11,18,3,1,0,12,18,8348.933143,1476794.5,5519,202007,6.771422837
82,חורה,מועצה מקומית,1303,דרום,76,4,8,113,19,33,84,6,125,131,2,10,5,70,131,13701.90299,8737974.058,1303,202007,8.697668303
83,חורפיש,מועצה מקומית,0496,צפון,131,1,1,208,17,56,144,6,210,202,8,4,2,158,202,12904.61302,5029579.811,496,202007,26.04591336
84,חיפה,עירייה,4000,חיפה,11124,30,359,14972,1489,1830,11586,1796,15361,20439,842,626,231,15305,20439,57052.63909,72929816.59,4000,202007,152.5302067
85,חצור הגלילית,מועצה מקומית,2034,צפון,200,0,2,275,29,31,215,25,277,354,12,7,6,265,354,12153.91587,5456821.797,2034,202007,36.65137097
86,חריש,מועצה מקומית,1247,חיפה,98,0,3,163,8,28,127,6,166,177,3,10,4,126,177,24621.27296,7029674.756,1247,202007,13.94090102
87,טבריה,עירייה,6700,צפון,1692,7,40,2409,242,450,1725,248,2456,2877,173,81,21,1990,2877,27386.4568,16195577.27,6700,202007,104.4729664
88,טובא - זנגרייה,מועצה מקומית,0962,צפון,39,0,7,51,5,19,33,4,58,58,1,3,2,37,58,15022.89876,3621944.947,962,202007,10.76769541
89,טורעאן,מועצה מקומית,0498,צפון,165,0,5,292,15,62,220,12,297,296,1,10,3,228,296,28222.00665,11913977.22,498,202007,13.84927946
90,טייבה,עירייה,2730,מרכז,1132,10,34,1741,162,429,1250,73,1785,2001,42,62,27,1337,2001,23581.13526,18909120.96,2730,202007,59.86528948
91,טירה,עירייה,2720,מרכז,585,3,21,813,86,164,623,35,837,1045,22,30,25,736,1045,19138.53369,11851704.68,2720,202007,49.35998792
92,טירת כרמל,עירייה,2100,חיפה,569,1,13,804,77,112,611,88,818,1036,33,34,10,770,1036,17662.7382,6710993.404,2100,202007,84.78625529
93,טמרה,עירייה,8900,צפון,817,9,35,1515,91,342,1147,58,1559,1483,27,51,11,1140,1483,41831.19345,29770120.56,8900,202007,27.44362417
94,יאנוח - ג'ת,מועצה מקומית,1295,צפון,120,0,5,184,9,42,136,9,189,184,4,4,3,147,184,24951.98623,13554766.16,1295,202007,8.85297456
95,יבנאל,מועצה מקומית,0046,צפון,68,0,5,103,11,20,74,13,108,121,6,5,1,82,121,38083.92117,31210766.35,46,202007,2.178735352
96,יבנה,עירייה,2660,מרכז,1015,2,12,1314,151,231,983,84,1328,1868,108,59,69,1382,1868,26138.84925,16366528.51,2660,202007,62.0168168
97,יהוד-מונוסון,עירייה,9400,מרכז,549,4,21,659,57,99,479,80,684,993,108,28,24,686,993,14318.16261,5730163.943,9400,202007,95.80877711
98,יואב,מועצה אזורית,5535,דרום,487,16,45,791,10,112,673,55,852,928,32,63,8,648,928,125516.6872,198667379.4,5535,202007,2.451333488
99,יסוד המעלה,מועצה מקומית,0029,צפון,18,0,2,31,3,7,25,1,33,29,1,1,1,12,29,20310.25037,11689237.02,29,202007,1.539878092
100,יפיע,מועצה מקומית,0499,צפון,394,1,21,677,53,172,501,23,699,708,11,16,6,568,708,11920.08248,4080001.212,499,202007,96.56859877
101,יקנעם עילית,עירייה,0240,צפון,706,0,27,1110,39,144,914,74,1137,1394,32,79,5,1041,1394,20588.79417,8311365.535,240,202007,84.94392372
102,ירוחם,מועצה מקומית,0831,דרום,75,0,3,109,17,22,69,18,112,111,3,1,7,74,111,43370.07434,58598381.31,831,202007,1.279898836
103,ירושלים,עירייה,3000,ירושלים,17599,61,804,22254,4139,3773,15435,2122,23119,29849,2378,768,840,18670,29849,104250.6591,125538646.5,3000,202007,140.1879061
104,ירכא,מועצה מקומית,0502,צפון,566,0,14,1007,67,221,751,42,1021,1013,18,16,7,801,1013,28297.86682,15629322.93,502,202007,36.21398076
105,כאבול,מועצה מקומית,0504,צפון,251,1,9,480,30,141,330,15,490,408,6,7,5,312,408,19771.91537,7277324.46,504,202007,34.49069797
106,כאוכב אבו אל היג'א,מועצה מקומית,0505,צפון,119,0,1,231,5,47,179,5,232,231,1,4,0,167,231,7581.630427,2731461.483,505,202007,43.56642066
107,כוכב יאיר,מועצה מקומית,1224,מרכז,59,0,0,70,5,7,51,7,70,104,5,4,2,79,104,11981.96326,3046607.388,1224,202007,19.36580349
108,כסייפה,מועצה מקומית,1059,דרום,38,1,4,46,12,15,35,1,51,50,0,0,2,28,50,26606.21762,13526289.63,1059,202007,2.809343955
109,כסרא - סמיע,מועצה מקומית,1296,צפון,148,1,11,260,20,66,194,11,272,213,0,6,1,171,213,24150.01006,14156038.46,1296,202007,10.45490237
110,כעביה - טבאש - חג'אג'רה,מועצה מקומית,0978,צפון,46,0,2,70,4,16,54,2,72,69,0,1,2,49,69,20468.98238,1553147.899,978,202007,29.61726958
111,כפר ברא,מועצה מקומית,0633,מרכז,54,1,2,67,13,20,41,7,70,86,0,6,2,58,86,8569.137655,2280590.232,633,202007,23.67808089
112,כפר ורדים,מועצה מקומית,1263,צפון,82,0,4,122,12,21,95,7,126,140,1,1,1,114,140,12888.00215,4855698.034,1263,202007,16.88737632
113,כפר יאסיף,מועצה מקומית,0507,צפון,547,1,12,1058,54,240,776,52,1071,1048,42,19,13,821,1048,9376.841062,2660579.181,507,202007,205.5943322
114,כפר יונה,עירייה,0168,מרכז,348,2,9,448,30,92,312,45,459,677,47,17,24,467,677,20297.12768,11510580.81,168,202007,30.23305304
115,כפר כמא,מועצה מקומית,0508,צפון,35,0,5,53,1,13,37,8,58,55,3,2,0,47,55,13215.89407,8826954.458,508,202007,3.965127515
116,כפר כנא,מועצה מקומית,0509,צפון,607,1,19,1043,96,259,761,39,1063,1089,22,39,7,818,1089,20300.58777,10056630.37,509,202007,60.35818934
117,כפר מנדא,מועצה מקומית,0510,צפון,345,2,14,642,67,204,429,21,658,610,9,12,7,429,610,17217.14313,11029159.4,510,202007,31.28071574
118,כפר סבא,עירייה,6900,מרכז,2284,8,75,2842,349,407,2099,358,2925,4167,310,109,151,2968,4167,25526.00647,14485638.09,6900,202007,157.6734132
119,כפר קאסם,עירייה,0634,מרכז,645,3,17,849,110,194,623,30,869,1094,41,54,27,740,1094,17333.68033,9299837.642,634,202007,69.35604952
120,כפר קרע,מועצה מקומית,0654,חיפה,454,1,13,668,45,165,490,21,682,803,29,21,15,557,803,14114.86545,7809637.151,654,202007,58.13330264
121,כפר שמריהו,מועצה מקומית,0267,תל אביב,191,0,7,248,7,22,199,29,255,376,21,9,4,282,376,7335.974539,2728115.892,267,202007,70.01168849
122,כפר תבור,מועצה מקומית,0047,צפון,178,4,12,289,3,43,239,22,305,348,7,22,0,258,348,24524.50715,12389881.2,47,202007,14.36656229
123,כרמיאל,עירייה,1139,צפון,1783,5,43,2927,211,517,2160,247,2975,3342,78,88,23,2570,3342,31076.37194,22028582.35,1139,202007,80.94029711
124,לב השרון,מועצה אזורית,5518,מרכז,561,6,27,806,23,107,676,48,839,1095,50,58,8,785,1095,94482.80853,54919587.02,5518,202007,10.21493479
125,להבים,מועצה מקומית,1271,דרום,62,0,4,93,3,14,77,5,97,116,6,7,1,83,116,17919.24184,11152274.64,1271,202007,5.559403979
126,לוד,עירייה,7000,מרכז,2367,10,65,3019,462,560,2165,226,3094,4139,173,106,173,2803,4139,22782.99322,12087022.31,7000,202007,195.8298694
127,לכיש,מועצה אזורית,5550,דרום,402,8,32,679,18,110,553,39,719,705,17,49,4,481,705,178503.0896,378958140.6,5550,202007,1.060803178
128,ללא שיפוט - אזור אגם דלתון,ללא שיפוט,9904,צפון,0,0,0,0,0,0,0,0,0,0,0,0,0,0,0,3574.853246,490063.1936,9904,202007,0
129,ללא שיפוט - אזור בין דבוריה לאכסאל,ללא שיפוט,9932,צפון,0,0,0,0,0,0,0,0,0,0,0,0,0,0,0,3690.532225,657149.0214,9932,202007,0
130,ללא שיפוט - אזור בין חוסן לכפר ורדים,ללא שיפוט,9907,צפון,4,0,0,7,0,0,7,0,7,9,1,0,0,7,9,4594.721448,665689.7238,9907,202007,6.00880539
131,ללא שיפוט - אזור בקעת בית נטופה,ללא שיפוט,9924,צפון,7,0,0,24,1,7,17,0,24,13,0,0,0,11,13,36531.61017,25818322.1,9924,202007,0.271125287
132,ללא שיפוט - אזור גבעת המורה,ללא שיפוט,9934,צפון,0,0,0,0,0,0,0,0,0,0,0,0,0,0,0,2816.028887,266752.2717,9934,202007,0
133,ללא שיפוט - אזור הארבל,ללא שיפוט,9926,צפון,0,0,0,0,0,0,0,0,0,0,0,0,0,0,0,807.2967308,26971.30801,9926,202007,0
134,ללא שיפוט - אזור הכנרת,ללא שיפוט,9920,צפון,0,0,0,0,0,0,0,0,0,0,0,0,0,0,0,56960.8503,163642674.8,9920,202007,0
135,ללא שיפוט - אזור הסייג,ללא שיפוט,9971,דרום,338,24,47,653,20,132,564,27,724,592,12,44,0,382,592,366696.8226,579997077.8,9971,202007,0.582761557
136,ללא שיפוט - אזור הר הכרמל,ללא שיפוט,9936,חיפה,194,3,20,331,2,38,292,22,354,388,7,41,0,289,388,126574.7063,80378433.35,9936,202007,2.413582747
137,ללא שיפוט - אזור הר מירון,ללא שיפוט,9903,צפון,49,2,10,111,1,31,78,14,123,76,3,0,0,68,76,79473.2772,56571004.21,9903,202007,0.866168114
138,ללא שיפוט - אזור הר סאסא,ללא שיפוט,9905,צפון,0,0,0,0,0,0,0,0,0,0,0,0,0,0,0,4029.721245,713858.2,9905,202007,0
139,ללא שיפוט - אזור הר תבור,ללא שיפוט,9930,צפון,1,0,0,1,0,0,1,0,1,1,1,0,0,0,1,8983.320336,3504674.093,9930,202007,0.285333236
140,"ללא שיפוט - אזור השפד""ן",ללא שיפוט,9965,מרכז,0,0,0,0,0,0,0,0,0,0,0,0,0,0,0,8058.294449,2489612.277,9965,202007,0
141,ללא שיפוט - אזור חולות יבנה,ללא שיפוט,9968,מרכז,0,0,0,0,0,0,0,0,0,0,0,0,0,0,0,19766.32707,12815416.38,9968,202007,0
142,ללא שיפוט - אזור חלוץ,ללא שיפוט,9910,צפון,0,0,0,0,0,0,0,0,0,0,0,0,0,0,0,9242.586448,2033581.487,9910,202007,0
143,ללא שיפוט - אזור יער אלונה,ללא שיפוט,9940,חיפה,0,0,0,0,0,0,0,0,0,0,0,0,0,0,0,4127.9903,557177.8487,9940,202007,0
144,ללא שיפוט - אזור יער חורשים,ללא שיפוט,9961,מרכז,0,0,0,0,0,0,0,0,0,0,0,0,0,0,0,4629.955333,697609.7659,9961,202007,0
145,ללא שיפוט - אזור יער מנשה,ללא שיפוט,9944,חיפה,318,4,17,630,8,126,490,30,651,653,11,33,4,482,653,27036.0401,7515577.687,9944,202007,42.31211668
146,ללא שיפוט - אזור כביש 6535,ללא שיפוט,9955,חיפה,8,0,0,18,0,4,14,0,18,13,1,0,0,8,13,8606.73293,312533.639,9955,202007,25.59724459
147,ללא שיפוט - אזור כפר כנא,ללא שיפוט,9928,צפון,30,0,2,55,0,6,46,5,57,56,1,4,0,44,56,15355.27191,5080369.024,9928,202007,5.905082851
148,ללא שיפוט - אזור כפר תבור,ללא שיפוט,9931,צפון,0,0,0,0,0,0,0,0,0,0,0,0,0,0,0,3126.624948,379614.8522,9931,202007,0
149,ללא שיפוט - אזור מאגר צלמון,ללא שיפוט,9923,צפון,6,0,0,18,0,4,14,0,18,11,0,0,0,8,11,5979.520047,1085669.57,9923,202007,5.526543402
150,ללא שיפוט - אזור מאגרי מנשה,ללא שיפוט,9945,חיפה,180,2,11,274,7,33,233,16,287,358,7,16,5,276,358,19158.21855,12200099.01,9945,202007,14.75397862
151,ללא שיפוט - אזור מדרום לג'דיידה-מכר,ללא שיפוט,9917,צפון,86,0,0,241,0,41,195,5,241,193,3,7,0,156,193,7928.877081,2538222.051,9917,202007,33.88198442
152,ללא שיפוט - אזור מדרום לג'וליס,ללא שיפוט,9915,צפון,0,0,0,0,0,0,0,0,0,0,0,0,0,0,0,2700.217425,266521.6999,9915,202007,0
153,ללא שיפוט - אזור מדרום למחלף חורשים,ללא שיפוט,9962,מרכז,12,0,1,26,0,7,20,0,27,28,0,4,0,19,28,3252.767071,568080.7619,9962,202007,21.12375705
154,ללא שיפוט - אזור מדרום לראש העין,ללא שיפוט,9963,מרכז,0,0,0,0,0,0,0,0,0,0,0,0,0,0,0,12859.60959,6946708.062,9963,202007,0
155,ללא שיפוט - אזור מושב אומץ,ללא שיפוט,9958,מרכז,17,0,1,27,1,7,20,1,28,33,0,3,0,23,33,6890.041151,2317115.495,9958,202007,7.33670809
156,ללא שיפוט - אזור מושיריפה,ללא שיפוט,9942,חיפה,39,0,2,78,0,17,58,4,80,75,1,5,0,57,75,5675.642588,292963.9176,9942,202007,133.1221958
157,ללא שיפוט - אזור מזרחית לכפר תראבין,ללא שיפוט,9973,דרום,0,0,0,0,0,0,0,0,0,0,0,0,0,0,0,1361.989113,51619.56724,9973,202007,0
158,ללא שיפוט - אזור מחלף גילעם,ללא שיפוט,9935,חיפה,9,0,2,13,0,1,10,4,15,15,0,0,0,13,15,3119.014433,352925.6082,9935,202007,25.50112486
159,ללא שיפוט - אזור מיתר,ללא שיפוט,9972,דרום,1,0,0,1,0,0,1,0,1,2,0,0,0,2,2,15049.02896,10404613.09,9972,202007,0.096111214
160,ללא שיפוט - אזור ממערב לג'דיידה-מכר,ללא שיפוט,9916,צפון,0,0,0,0,0,0,0,0,0,0,0,0,0,0,0,7531.256473,1573329.388,9916,202007,0
161,ללא שיפוט - אזור מעבר אייל,ללא שיפוט,9959,מרכז,0,0,0,0,0,0,0,0,0,0,0,0,0,0,0,1187.926497,3873.487162,9959,202007,0
162,ללא שיפוט - אזור מעיליא,ללא שיפוט,9901,צפון,19,0,3,32,1,8,25,1,35,27,2,0,0,19,27,25596.58222,11216097.03,9901,202007,1.693993905
163,ללא שיפוט - אזור מערב כרמיאל,ללא שיפוט,9919,צפון,0,0,0,0,0,0,0,0,0,0,0,0,0,0,0,678.3763369,25807.32302,9919,202007,0
164,ללא שיפוט - אזור מערבית לבאקה אל גרבייה,ללא שיפוט,9951,חיפה,0,0,0,0,0,0,0,0,0,0,0,0,0,0,0,1433.095519,115426.892,9951,202007,0
165,ללא שיפוט - אזור מערבית לברטעה,ללא שיפוט,9947,חיפה,0,0,0,0,0,0,0,0,0,0,0,0,0,0,0,5054.344609,667704.7585,9947,202007,0
166,ללא שיפוט - אזור מערבית לכפר יאסיף,ללא שיפוט,9911,צפון,0,0,0,0,0,0,0,0,0,0,0,0,0,0,0,11971.91137,3804508.092,9911,202007,0
167,ללא שיפוט - אזור מצפה אילות,ללא שיפוט,9933,צפון,0,0,0,0,0,0,0,0,0,0,0,0,0,0,0,2813.85618,350695.7807,9933,202007,0
168,ללא שיפוט - אזור מצפון לבסמת טבעון,ללא שיפוט,9938,חיפה,6,0,0,10,0,1,8,1,10,10,0,0,1,6,10,1749.566251,48044.93755,9938,202007,124.8830846
169,ללא שיפוט - אזור מצפון לירכא,ללא שיפוט,9909,צפון,0,0,0,0,0,0,0,0,0,0,0,0,0,0,0,6855.276204,1318459.539,9909,202007,0
170,ללא שיפוט - אזור מצפון למעלות,ללא שיפוט,9902,צפון,0,0,0,0,0,0,0,0,0,0,0,0,0,0,0,11135.55171,3682980.271,9902,202007,0
171,ללא שיפוט - אזור מצפון לקציר,ללא שיפוט,9946,חיפה,0,0,0,0,0,0,0,0,0,0,0,0,0,0,0,2191.284366,231886.4769,9946,202007,0
172,ללא שיפוט - אזור מצפון לשיבלי אום אל רנם,ללא שיפוט,9929,צפון,0,0,0,0,0,0,0,0,0,0,0,0,0,0,0,948.9528889,52949.78886,9929,202007,0
173,ללא שיפוט - אזור מקווה ישראל - פארק שרון,ללא שיפוט,9970,תל אביב,650,1,22,873,7,84,732,66,896,1341,141,45,11,943,1341,17651.80532,7866999.826,9970,202007,82.62361947
174,ללא שיפוט - אזור משמר הירדן,ללא שיפוט,9906,צפון,0,0,0,0,0,0,0,0,0,0,0,0,0,0,0,3577.270087,501776.5321,9906,202007,0
175,ללא שיפוט - אזור נחל ארבל,ללא שיפוט,9925,צפון,0,0,0,0,0,0,0,0,0,0,0,0,0,0,0,207.6289381,2391.523341,9925,202007,0
176,ללא שיפוט - אזור נחל בענא,ללא שיפוט,9941,חיפה,0,0,0,0,0,0,0,0,0,0,0,0,0,0,0,1056.980386,20020.77274,9941,202007,0
177,ללא שיפוט - אזור נחל יצהר,ללא שיפוט,9912,צפון,0,0,0,0,0,0,0,0,0,0,0,0,0,0,0,9133.683462,2188734.415,9912,202007,0
178,"ללא שיפוט - אזור נתב""ג",ללא שיפוט,9964,מרכז,328,1,5,423,38,33,347,37,429,602,18,17,4,392,602,24793.75252,16079989.22,9964,202007,20.39802363
179,ללא שיפוט - אזור סאלם,ללא שיפוט,9956,חיפה,0,0,0,0,0,0,0,0,0,0,0,0,0,0,0,18928.87053,2218758.513,9956,202007,0
180,ללא שיפוט - אזור עמק איילון,ללא שיפוט,9967,מרכז,8,6,1,31,0,8,27,1,38,19,0,1,0,16,19,19944.96691,7374873.332,9967,202007,1.084764394
181,ללא שיפוט - אזור ערד,ללא שיפוט,9974,דרום,0,0,0,0,0,0,0,0,0,0,0,0,0,0,0,9957.313558,5551272.509,9974,202007,0
182,ללא שיפוט - אזור צומת ג'וליס,ללא שיפוט,9913,צפון,0,0,0,0,0,0,0,0,0,0,0,0,0,0,0,3018.821702,336802.1398,9913,202007,0
183,ללא שיפוט - אזור צומת חנניה,ללא שיפוט,9914,צפון,92,3,16,214,0,50,160,21,233,162,3,7,0,128,162,10516.1327,3352927.273,9914,202007,27.43871027
184,ללא שיפוט - אזור צומת מצר,ללא שיפוט,9950,חיפה,0,0,0,0,0,0,0,0,0,0,0,0,0,0,0,3823.85591,434844.9355,9950,202007,0
185,ללא שיפוט - אזור צפון כרמיאל,ללא שיפוט,9918,צפון,41,0,0,99,1,24,71,4,99,85,1,3,0,72,85,777.8473215,29527.86084,9918,202007,1388.519142
186,ללא שיפוט - אזור רביד,ללא שיפוט,9922,צפון,17,0,2,42,0,13,31,0,44,29,0,0,0,25,29,7501.941743,1283019.317,9922,202007,13.24999536
187,ללא שיפוט - אזור רומת הייב,ללא שיפוט,9927,צפון,0,0,0,0,0,0,0,0,0,0,0,0,0,0,0,4162.143921,375393.2228,9927,202007,0
188,ללא שיפוט - אזור רמת הנדיב,ללא שיפוט,9939,חיפה,0,0,0,0,0,0,0,0,0,0,0,0,0,0,0,10727.80233,4679613.196,9939,202007,0
189,ללא שיפוט - אזור שמורת שער העמקים,ללא שיפוט,9937,חיפה,2,0,0,3,0,0,3,0,3,4,0,0,0,3,4,11088.94737,3088440.893,9937,202007,0.647575935
190,ללא שיפוט - אזור תל השומר,ללא שיפוט,9969,תל אביב,4,0,0,7,0,0,6,1,7,10,0,0,0,9,10,6742.513212,1776947.038,9969,202007,2.251051896
191,"ללא שיפוט - אזור תע""ש",ללא שיפוט,9960,מרכז,0,0,0,0,0,0,0,0,0,0,0,0,0,0,0,1982.440221,224880.8893,9960,202007,0
192,ללא שיפוט - נחל יתלה,ללא שיפוט,9975,ירושלים,0,0,0,0,0,0,0,0,0,0,0,0,0,0,0,3332.103042,223195.0203,9975,202007,0
193,לקיה,מועצה מקומית,1060,דרום,46,2,4,67,12,21,49,2,73,75,3,2,1,49,75,12826.19445,6862863.028,1060,202007,6.702741963
194,מבואות החרמון,מועצה אזורית,5555,צפון,234,1,17,435,3,77,341,30,453,392,13,14,1,281,392,233936.3639,134816361.9,5555,202007,1.735694368
195,מבשרת ציון,מועצה מקומית,1015,ירושלים,685,0,16,943,66,100,724,78,959,1391,58,44,7,1063,1391,13585.56475,6280337.803,1015,202007,109.0705662
196,מג'ד אל כרום,מועצה מקומית,0516,צפון,633,2,21,1337,55,287,1019,40,1360,1168,17,24,30,882,1168,27813.38929,9251511.786,516,202007,68.42124991
197,מג'דל שמס,מועצה מקומית,4201,צפון,182,4,7,314,13,81,227,14,325,291,3,3,2,197,291,23191.6901,15382178.89,4201,202007,11.83187384
198,מגאר,מועצה מקומית,0481,צפון,606,2,12,1183,49,271,868,55,1197,1017,11,28,3,773,1017,34999.20877,20704171.49,481,202007,29.2694639
199,מגדל,מועצה מקומית,0065,צפון,136,0,11,248,4,57,189,10,259,233,10,6,0,168,233,23335.10418,11627763.82,65,202007,11.69614399
200,מגדל העמק,עירייה,0874,צפון,580,1,16,826,91,133,646,60,843,1013,35,24,11,743,1013,17054.33591,8714832.467,874,202007,66.55320136
201,מגדל תפן,מועצה מקומית תעשייתית,1722,צפון,43,0,0,76,0,9,62,5,76,78,2,3,0,63,78,7585.541736,2691099.508,1722,202007,15.97859904
202,מגידו,מועצה אזורית,5513,צפון,1018,10,47,1857,26,310,1490,102,1914,1985,75,116,6,1453,1985,117212.5496,173264104.1,5513,202007,5.875423564
203,מודיעין - מכבים - רעות,עירייה,1200,מרכז,1442,2,18,1888,179,350,1371,130,1908,2606,184,70,70,1937,2606,32627.8611,48327528.31,1200,202007,29.83806643
204,מזכרת בתיה,מועצה מקומית,0028,מרכז,197,0,7,256,22,59,189,13,263,369,34,8,15,280,369,14491.13661,7424552.101,28,202007,26.53358712
205,מזרעה,מועצה מקומית,0517,צפון,137,1,3,226,13,35,167,27,230,265,6,7,6,215,265,5131.097118,983618.571,517,202007,139.2816322
206,מטה אשר,מועצה אזורית,5504,צפון,1924,26,90,3510,38,595,2792,220,3626,3698,109,125,30,2936,3698,224060.6653,215868284.8,5504,202007,8.912842393
207,מטה יהודה,מועצה אזורית,5526,ירושלים,1833,25,128,2866,68,481,2293,165,3019,3481,231,172,34,2473,3481,214590.7305,480864514,5526,202007,3.811884526
208,מטולה,מועצה מקומית,0043,צפון,15,0,1,17,2,2,13,2,18,24,1,1,0,17,24,16928.4263,9391855.965,43,202007,1.597128412
209,מיתר,מועצה מקומית,1268,דרום,101,0,6,160,2,20,131,13,166,187,6,7,1,127,187,56365.9494,38817098.03,1268,202007,2.601946182
210,מנשה,מועצה אזורית,5514,חיפה,171,3,5,307,4,68,222,18,315,327,7,17,4,246,327,77305.90015,33741867.16,5514,202007,5.067887891
211,מנשה,מועצה אזורית,5514,חיפה,1033,9,62,1912,18,355,1536,78,1983,1920,57,98,7,1410,1920,146502.7346,77892029.8,5514,202007,13.26194737
212,מסעדה,מועצה מקומית,4203,צפון,68,3,5,109,10,33,79,5,117,107,1,3,4,62,107,21006.70567,12011380.99,4203,202007,5.661297401
213,מעיליא,מועצה מקומית,0518,צפון,83,0,2,133,8,24,102,9,135,129,2,3,0,111,129,7393.321681,1628687.487,518,202007,50.96128057
214,מעלה יוסף,מועצה אזורית,5552,צפון,473,4,25,874,15,172,686,41,903,731,40,17,9,565,731,153680.4618,93471413.87,5552,202007,5.060370657
215,מעלה עירון,מועצה מקומית,1327,חיפה,129,1,4,258,17,74,181,6,263,230,7,6,0,170,230,22202.0648,6033498.282,1327,202007,21.38063093
216,מעלות - תרשיחא,עירייה,1063,צפון,415,1,12,632,82,114,449,70,645,694,13,17,7,544,694,28527.38041,9260395.024,1063,202007,44.81450294
217,מצפה רמון,מועצה מקומית,0099,דרום,83,1,7,119,11,25,86,13,127,112,17,6,1,68,112,63485.47922,75843367.08,99,202007,1.094360696
218,מרום הגליל,מועצה אזורית,5502,צפון,621,10,50,1270,20,274,994,53,1330,1070,29,39,5,794,1070,178643.4301,178025971.9,5502,202007,3.488255074
219,מרחבים,מועצה אזורית,5542,דרום,199,8,17,353,11,63,286,28,378,367,3,32,2,251,367,257449.3021,496080759.1,5542,202007,0.401144363
220,משגב,מועצה אזורית,5556,צפון,1454,10,46,3256,31,644,2528,127,3312,2655,39,60,10,1927,2655,233074.1531,162387381.2,5556,202007,8.953897708
221,משהד,מועצה מקומית,0520,צפון,163,1,10,303,19,93,200,13,314,304,2,10,2,232,304,29178.89009,7204830.052,520,202007,22.62371199
222,נאות חובב,מועצה מקומית תעשייתית,1770,דרום,6,0,0,9,0,1,7,1,9,11,1,0,0,6,11,56310.787,68661258.82,1770,202007,0.087385523
223,נהריה,עירייה,9100,צפון,1806,6,61,2463,278,454,1786,262,2530,3367,181,81,229,2363,3367,27245.82701,13777728.44,9100,202007,131.0811145
224,נווה מדבר,מועצה אזורית,5568,דרום,21,6,5,24,4,13,21,1,35,34,1,2,1,18,34,76940.87786,32721008.54,5568,202007,0.641789509
225,נוף הגליל,עירייה,1061,צפון,1815,2,37,2754,192,499,2005,271,2793,3208,60,65,11,2427,3208,71700.77817,32872103.29,1061,202007,55.21399055
226,נחל שורק,מועצה אזורית,5531,מרכז,328,0,20,503,13,64,415,36,523,644,12,57,8,452,644,32754.64888,28323426.51,5531,202007,11.58051975
227,נחף,מועצה מקומית,0522,צפון,399,1,11,827,33,169,633,30,839,754,12,11,3,604,754,12934.11177,6067119.118,522,202007,65.76432607
228,נס ציונה,עירייה,7200,מרכז,1015,7,23,1343,133,176,998,177,1373,1893,139,41,48,1435,1893,23805.09114,15675229.15,7200,202007,64.75184447
229,נצרת,עירייה,7300,צפון,2566,9,32,4087,306,900,2983,218,4128,4670,110,137,20,3553,4670,25713.39047,14172081.53,7300,202007,181.060206
230,נשר,עירייה,2500,חיפה,740,2,23,1069,58,139,861,88,1094,1362,59,35,6,1071,1362,23374.11734,12944542.52,2500,202007,57.16694884
231,נתיבות,עירייה,0246,דרום,663,0,22,857,135,212,576,77,879,1120,21,27,54,732,1120,26181.965,15273011.23,246,202007,43.4099072
232,נתניה,עירייה,7400,מרכז,5285,21,159,6702,1026,955,4922,850,6882,9623,704,232,387,6625,9623,34477.34496,34748650.43,7400,202007,152.0922377
233,סאג'ור,מועצה מקומית,0525,צפון,42,0,1,63,3,5,53,5,64,67,0,0,0,50,67,7805.790314,3568399.171,525,202007,11.76998368
234,סביון,מועצה מקומית,0587,מרכז,119,1,5,145,17,24,105,14,151,208,29,5,6,141,208,9596.084179,3719913.128,587,202007,31.98999436
235,סח'נין,עירייה,7500,צפון,1693,1,22,3638,181,958,2628,60,3661,3162,25,50,11,2256,3162,23255.92134,11528870.69,7500,202007,146.8487283
236,עומר,מועצה מקומית,0666,דרום,200,3,14,300,7,54,237,21,317,389,6,20,2,285,389,21122.27483,18220413.09,666,202007,10.97669954
237,עוספייא,מועצה מקומית,0534,חיפה,342,0,25,570,30,110,443,37,595,622,18,15,5,502,622,22039.30767,7180610.629,534,202007,47.62826139
238,עילבון,מועצה מקומית,0530,צפון,189,2,6,391,5,74,308,17,399,322,3,6,2,245,322,17705.58545,4901756.247,530,202007,38.55760884
239,עילוט,מועצה מקומית,0511,צפון,148,0,7,229,24,54,174,7,236,243,4,14,2,181,243,8677.295713,3114336.401,511,202007,47.52216233
240,עין מאהל,מועצה מקומית,0532,צפון,89,0,7,123,42,40,88,2,130,134,0,5,1,98,134,13517.72585,5211410.9,532,202007,17.07790879
241,עין קיניה,מועצה מקומית,4502,צפון,10,0,1,23,0,10,14,0,24,13,0,0,1,11,13,9434.013207,5413019.88,4502,202007,1.847397612
242,עכו,עירייה,7600,צפון,2297,6,56,3505,313,625,2670,248,3567,4336,147,129,206,3148,4336,23027.08321,17494777.01,7600,202007,131.2963291
243,עמק הירדן,מועצה אזורית,5506,צפון,442,4,26,838,23,178,621,48,868,808,25,36,5,600,808,230182.3673,185700179.7,5506,202007,2.380180788
244,עמק המעיינות,מועצה אזורית,5507,צפון,267,2,22,484,8,116,351,33,508,443,20,25,9,315,443,156529.4565,249250320,5507,202007,1.071212266
245,עמק חפר,מועצה אזורית,5516,מרכז,1812,21,64,2711,48,316,2212,249,2796,3648,150,140,29,2789,3648,68784.06609,129976702.7,5516,202007,13.9409599
246,עמק יזרעאל,מועצה אזורית,5509,צפון,2081,31,154,3775,45,637,3093,218,3960,4149,70,197,11,3233,4149,291292.8353,332318720.6,5509,202007,6.2620607
247,עפולה,עירייה,7700,צפון,2288,6,42,3483,255,545,2684,278,3531,4214,96,119,61,3166,4214,44662.65946,29170184.67,7700,202007,78.43625351
248,עראבה,עירייה,0531,צפון,860,1,26,1807,97,536,1239,53,1834,1560,18,28,4,1055,1560,21066.72668,8398776.912,531,202007,102.3958618
249,ערד,עירייה,2560,דרום,303,5,18,479,60,95,343,50,502,479,20,13,10,280,479,80488.12628,126130977.8,2560,202007,2.402264735
250,ערערה,מועצה מקומית,0637,חיפה,235,0,11,305,41,93,210,8,316,394,18,10,18,262,394,21323.021,9177143.426,637,202007,25.60709679
251,ערערה בנגב,מועצה מקומית,1192,דרום,88,3,18,118,37,56,80,3,139,129,1,3,0,80,129,16503.64022,14026279.35,1192,202007,6.273937499
252,פוריידיס,מועצה מקומית,0537,חיפה,220,4,13,349,52,77,266,15,366,385,17,17,10,276,385,11786.65748,4057189.995,537,202007,54.2247221
253,פסוטה,מועצה מקומית,0535,צפון,55,0,1,93,5,18,66,8,94,76,1,3,0,59,76,15695.71952,11051863.7,535,202007,4.976536218
254,פקיעין (בוקייעה),מועצה מקומית,0536,צפון,73,0,6,122,8,25,98,4,128,118,2,4,0,95,118,19253.45886,5568211.376,536,202007,13.11013449
255,פרדס חנה - כרכור,מועצה מקומית,7800,חיפה,1004,5,36,1384,129,229,1040,130,1425,1852,84,48,59,1374,1852,34230.48573,22843266.78,7800,202007,43.95168212
256,פרדסיה,מועצה מקומית,0171,מרכז,87,0,0,124,6,20,86,17,124,173,9,5,2,126,173,5588.295045,1474558.722,171,202007,59.00070216
257,פתח תקווה,עירייה,7900,מרכז,7096,19,205,8506,1131,1060,6375,1006,8730,12896,1467,353,508,8620,12896,44767.32852,35597027.17,7900,202007,199.3424891
258,צפת,עירייה,8000,צפון,822,4,38,1104,141,231,755,100,1146,1326,60,26,23,861,1326,34405.94208,29938776.48,8000,202007,27.45603183
259,קדימה - צורן,מועצה מקומית,0195,מרכז,320,1,9,412,33,72,301,45,422,612,50,15,18,439,612,25021.73812,10487743.2,195,202007,30.51180736
260,קלנסווה,עירייה,0638,מרכז,561,2,16,795,90,223,542,29,813,961,15,38,38,611,961,14484.95151,8339098.78,638,202007,67.27345662
261,קצרין,מועצה מקומית,4100,צפון,88,0,3,129,14,19,101,9,132,149,6,1,3,105,149,13718.08231,10889033.88,4100,202007,8.081525046
262,קרית אונו,עירייה,2620,תל אביב,705,3,19,798,103,98,571,122,820,1208,145,25,25,822,1208,13131.37427,4555088.761,2620,202007,154.7719566
263,קרית אתא,עירייה,6800,חיפה,1733,4,52,2508,192,386,1901,265,2564,3209,121,109,55,2372,3209,36366.48557,17338861.24,6800,202007,99.94889375
264,קרית ביאליק,עירייה,9500,חיפה,868,1,29,1215,139,172,901,157,1245,1602,51,45,44,1244,1602,22150.46602,8592285.838,9500,202007,101.0208478
265,קרית גת,עירייה,2630,דרום,1340,4,37,1671,251,223,1255,143,1712,2318,45,82,56,1652,2318,25977.33556,15836790.93,2630,202007,84.61310161
266,קרית טבעון,מועצה מקומית,2300,חיפה,286,1,12,362,35,40,269,62,375,508,18,16,2,395,508,27386.57509,8245243.759,2300,202007,34.68666402
267,קרית ים,עירייה,9600,חיפה,778,1,39,1126,124,163,815,179,1166,1398,35,22,67,1021,1398,17267.07152,11337512.45,9600,202007,68.62175486
268,קרית יערים,מועצה מקומית,1137,ירושלים,18,0,0,24,3,7,13,1,24,26,0,0,2,13,26,4864.778623,498389.6053,1137,202007,36.11632307
269,קרית מוצקין,עירייה,8200,חיפה,1018,6,44,1373,177,186,1010,217,1423,1852,50,23,72,1390,1852,11637.12902,3835244.81,8200,202007,265.4328603
270,קרית מלאכי,עירייה,1034,דרום,401,1,13,502,94,92,359,48,516,700,17,26,15,502,700,13723.31319,4578693.944,1034,202007,87.57955979
271,קרית עקרון,מועצה מקומית,0469,מרכז,381,2,12,577,52,107,411,66,591,727,43,20,17,552,727,7661.502644,2331586.764,469,202007,163.4080301
272,קרית שמונה,עירייה,2800,צפון,461,1,8,709,63,146,516,49,718,850,38,27,21,632,850,21888.33574,14382708.2,2800,202007,32.052378
273,ראמה,מועצה מקומית,0543,צפון,434,1,12,830,22,146,649,43,843,814,7,36,0,648,814,16512.76997,6491599.003,543,202007,66.85563908
274,ראש העין,עירייה,2640,מרכז,1069,4,22,1313,141,191,1014,89,1339,1968,158,65,57,1372,1968,25658.61621,15865150.23,2640,202007,67.38038938
275,ראש פינה,מועצה מקומית,0026,צפון,221,1,12,359,18,60,283,26,372,423,20,18,1,314,423,48140.12503,16814395.8,26,202007,13.14349933
276,ראשון לציון,עירייה,8300,מרכז,7951,32,221,10194,1069,1315,7867,1102,10447,14799,1294,428,326,10835,14799,52256.33637,61914250.29,8300,202007,128.4195474
277,רג'ר,מועצה מקומית,4501,צפון,4,0,0,7,0,1,6,0,7,6,0,0,0,5,6,6174.986519,2392491.791,4501,202007,1.671897063
278,רהט,עירייה,1161,דרום,413,7,46,498,171,189,330,27,551,632,3,28,16,404,632,30036.99499,33491522.84,1161,202007,12.33147869
279,רחובות,עירייה,8400,מרכז,3130,11,69,3983,524,657,2876,463,4063,5741,462,107,227,4179,5741,31741.74448,23757669.08,8400,202007,131.7469315
280,ריינה,מועצה מקומית,0542,צפון,374,2,15,657,58,185,465,20,674,686,6,21,4,549,686,17642.92426,10846368.04,542,202007,34.48158854
281,רכסים,מועצה מקומית,0922,חיפה,90,0,7,126,11,39,84,9,133,160,1,6,9,106,160,11420.42747,3311682.267,922,202007,27.17652019
282,רמלה,עירייה,8500,מרכז,2329,9,66,3218,339,575,2379,258,3293,4326,212,161,73,3113,4326,20384.2379,11992519.61,8500,202007,194.2043937
283,רמת גן,עירייה,8600,תל אביב,5088,16,160,5810,716,523,4516,735,5986,9081,1471,214,363,5379,9081,32624.66126,16394950.95,8600,202007,310.3394462
284,רמת השרון,עירייה,2650,תל אביב,1626,5,59,1978,132,173,1625,211,2042,3116,350,107,40,2199,3116,28611.75645,16642541.27,2650,202007,97.70142514
285,רמת ישי,מועצה מקומית,0122,צפון,121,0,0,160,7,20,132,7,160,227,9,12,2,165,227,8191.017245,2332273.052,122,202007,51.88071779
286,רמת נגב,מועצה אזורית,5548,דרום,284,14,50,492,7,76,441,33,556,509,24,25,5,358,509,481513.7362,4096603672,5548,202007,0.06932572
287,רעננה,עירייה,8700,מרכז,1543,8,32,1914,203,258,1393,260,1954,2900,259,66,104,2053,2900,20459.46638,14863542.03,8700,202007,103.8110564
288,שבלי - אום אל רנם,מועצה מקומית,0913,צפון,60,2,9,68,6,20,53,6,79,107,1,3,1,75,107,14556.58758,2886715.162,913,202007,20.78487022
289,שגב שלום,מועצה מקומית,1286,דרום,63,2,11,67,31,23,54,3,80,97,3,5,0,60,97,15841.43198,13524687.59,1286,202007,4.658148263
290,שדות דן,מועצה אזורית,5540,מרכז,899,8,38,1207,36,108,1041,91,1253,1805,135,64,18,1322,1805,38352.79347,31823159.57,5540,202007,28.2498662
291,שדות נגב,מועצה אזורית,5539,דרום,298,0,16,503,13,84,396,33,519,549,7,20,4,417,549,98800.92691,114422083.9,5539,202007,2.604392349
292,שדרות,עירייה,1031,דרום,460,3,13,615,93,121,442,59,631,789,23,32,28,533,789,11382.01283,6307248.003,1031,202007,72.93196649
293,שהם,מועצה מקומית,1304,מרכז,275,3,4,344,29,35,283,22,351,472,42,28,7,320,472,18495.12274,7160237.373,1304,202007,38.40654795
294,שלומי,מועצה מקומית,0812,צפון,92,1,4,134,13,29,101,9,139,151,9,5,5,102,151,14919.11076,5854484.595,812,202007,15.71444907
295,שעב,מועצה מקומית,0538,צפון,175,0,9,346,19,90,254,9,355,286,3,4,2,198,286,17399.46605,5383520.272,538,202007,32.50661113
296,שער הנגב,מועצה אזורית,5537,דרום,343,6,28,536,12,85,426,47,570,603,11,36,5,440,603,136538.6445,180508990.9,5537,202007,1.900182358
297,שפיר,מועצה אזורית,5534,דרום,413,13,28,678,19,87,566,56,719,763,20,48,3,543,763,98316.6876,81669022.66,5534,202007,5.056996969
298,שפרעם,עירייה,8800,צפון,1363,6,44,2354,132,527,1753,104,2404,2524,37,82,23,1960,2524,29780.40414,19581670.71,8800,202007,69.60590952
299,תל אביב - יפו,עירייה,5000,תל אביב,23257,83,937,26216,2976,2131,21160,2861,27236,40964,7624,839,2580,20912,40964,51519.40824,57177985.89,5000,202007,406.7474508
300,תל מונד,מועצה מקומית,0154,מרכז,193,0,6,251,18,44,184,23,257,362,33,7,6,258,362,23320.09459,7126871.195,154,202007,27.08060728
301,תל שבע,מועצה מקומית,1054,דרום,78,4,8,98,29,44,65,1,110,119,1,1,3,83,119,15352.44504,9421076.508,1054,202007,8.279308626
302,תמר,מועצה אזורית,5551,דרום,217,27,49,309,11,45,300,34,385,336,30,45,0,186,336,284346.1997,1570722394,5551,202007,0.138152993
303,יהודה ושומרון,שטחי יהודה ושומרון, , ,6488,169,565,10708,731,2269,8325,589,11442,11630,493,423,125,7508,11630,448900.8412,5838730825,9999,202007,1.111200395
